,,,,,,,Misc,,,Approx Val,,,Passing,,,,,Rushing,,,Receiving,,,,,,,
Rnd,Pick,Tm,Player,Pos,Age,To,AP1,PB,St,CarAV,DrAV,G,Cmp,Att,Yds,TD,Int,Att,Yds,TD,Rec,Yds,TD,Solo,Int,Sk,College/Univ,
1,1,JAX,Trevor Lawrence,QB,21,2021,0,0,1,0,0,11,231,398,2369,9,10,45,231,2,0,0,0,,,,Clemson,College Stats
1,2,NYJ,Zach Wilson,QB,22,2021,0,0,0,0,0,7,118,205,1313,4,10,10,25,1,0,0,0,,,,BYU,College Stats
1,3,SFO,Trey Lance,QB,21,2021,0,0,0,0,0,5,25,48,354,3,1,30,137,1,0,0,0,,,,North Dakota St.,College Stats
1,4,ATL,Kyle Pitts,TE,20,2021,0,0,0,0,0,11,0,0,0,0,0,0,0,0,45,661,1,3,,,Florida,College Stats
1,5,CIN,Ja'Marr Chase,WR,21,2021,0,0,1,0,0,11,0,0,0,0,0,6,15,0,50,906,8,1,,,LSU,College Stats
1,6,MIA,Jaylen Waddle,WR,22,2021,0,0,1,0,0,12,0,0,0,0,0,2,3,1,77,759,4,3,,,Alabama,College Stats
1,7,DET,Penei Sewell,OL,20,2021,0,0,1,0,0,11,0,0,0,0,0,0,0,0,0,0,0,,,,Oregon,College Stats
1,8,CAR,Jaycee Horn,DB,21,2021,0,0,0,0,0,3,0,0,0,0,0,0,0,0,0,0,0,3,1,,South Carolina,College Stats
1,9,DEN,Patrick Surtain II,DB,21,2021,0,0,0,0,0,11,0,0,0,0,0,0,0,0,0,0,0,31,3,,Alabama,College Stats
1,10,PHI,DeVonta Smith,WR,22,2021,0,0,1,0,0,12,0,0,0,0,0,0,0,0,48,686,4,1,,,Alabama,College Stats
1,11,CHI,Justin Fields,QB,22,2021,0,0,0,0,0,10,115,198,1361,4,8,56,311,2,0,0,0,,,,Ohio St.,College Stats
1,12,DAL,Micah Parsons,LB,22,2021,0,0,1,0,0,12,0,0,0,0,0,0,0,0,0,0,0,54,,10,Penn St.,College Stats
1,13,LAC,Rashawn Slater,OL,22,2021,0,0,1,0,0,11,0,0,0,0,0,0,0,0,0,0,0,,,,Northwestern,College Stats
1,14,NYJ,Alijah Vera-Tucker,OL,22,2021,0,0,1,0,0,11,0,0,0,0,0,0,0,0,0,0,0,,,,USC,College Stats
1,15,NWE,Mac Jones,QB,23,2021,0,0,1,0,0,12,268,381,2850,16,8,27,71,0,0,0,0,1,,,Alabama,College Stats
1,16,ARI,Zaven Collins,LB,22,2021,0,0,0,0,0,11,0,0,0,0,0,0,0,0,0,0,0,12,,,Tulsa,College Stats
1,17,LVR,Alex Leatherwood,OL,22,2021,0,0,1,0,0,11,0,0,0,0,0,0,0,0,0,0,0,,,,Alabama,College Stats
1,18,MIA,Jaelan Phillips,DL,22,2021,0,0,0,0,0,12,0,0,0,0,0,0,0,0,0,0,0,17,,6.5,Miami (FL),College Stats
1,19,WAS,Jamin Davis,LB,22,2021,0,0,0,0,0,11,0,0,0,0,0,0,0,0,0,0,0,32,,,Kentucky,College Stats
1,20,NYG,Kadarius Toney,WR,22,2021,0,0,0,0,0,9,1,3,19,0,0,3,6,0,35,392,0,,,,Florida,College Stats
1,21,IND,Kwity Paye,DL,22,2021,0,0,0,0,0,10,0,0,0,0,0,0,0,0,0,0,0,13,,3,Michigan,College Stats
1,22,TEN,Caleb Farley,DB,22,2021,0,0,0,0,0,3,0,0,0,0,0,0,0,0,0,0,0,4,,,Virginia Tech,College Stats
1,23,MIN,Christian Darrisaw,OL,22,2021,0,0,0,0,0,8,0,0,0,0,0,0,0,0,0,0,0,,,,Virginia Tech,College Stats
1,24,PIT,Najee Harris,RB,23,2021,0,0,1,0,0,11,0,0,0,0,0,196,708,5,52,351,2,1,,,Alabama,College Stats
1,25,JAX,Travis Etienne,RB,22,,0,0,0,,,,,,,,,,,,,,,,,,Clemson,College Stats
1,26,CLE,Greg Newsome II,DB,21,2021,0,0,0,0,0,10,0,0,0,0,0,0,0,0,0,0,0,24,,,Northwestern,College Stats
1,27,BAL,Rashod Bateman,WR,21,2021,0,0,0,0,0,6,0,0,0,0,0,0,0,0,25,301,0,,,,Minnesota,College Stats
1,28,NOR,Payton Turner,DE,23,2021,0,0,0,0,0,5,0,0,0,0,0,0,0,0,0,0,0,9,,1,Houston,College Stats
1,29,GNB,Eric Stokes,DB,22,2021,0,0,0,0,0,11,0,0,0,0,0,0,0,0,0,0,0,29,1,,Georgia,College Stats
1,30,BUF,Gregory Rousseau,DL,21,2021,0,0,1,0,0,11,0,0,0,0,0,0,0,0,0,0,0,29,1,3,Miami (FL),College Stats
1,31,BAL,Odafe Oweh,DE,22,2021,0,0,0,0,0,11,0,0,0,0,0,0,0,0,0,0,0,17,,5,Penn St.,College Stats
1,32,TAM,Joe Tryon-Shoyinka,OLB,22,2021,0,0,0,0,0,11,0,0,0,0,0,0,0,0,0,0,0,14,,3,Washington,College Stats
2,33,JAX,Tyson Campbell,DB,21,2021,0,0,0,0,0,9,0,0,0,0,0,0,0,0,0,0,0,30,1,,Georgia,College Stats
2,34,NYJ,Elijah Moore,WR,21,2021,0,0,0,0,0,10,0,0,0,0,0,4,45,1,37,461,4,3,,,Mississippi,College Stats
2,35,DEN,Javonte Williams,RB,21,2021,0,0,0,0,0,11,0,0,0,0,0,117,568,2,27,193,1,1,,,North Carolina,College Stats
2,36,MIA,Jevon Holland,S,21,2021,0,0,0,0,0,12,0,0,0,0,0,0,0,0,0,0,0,35,2,2,Oregon,College Stats
2,37,PHI,Landon Dickerson,OL,22,2021,0,0,0,0,0,11,0,0,0,0,0,0,0,0,0,0,0,,,,Alabama,College Stats
2,38,NWE,Christian Barmore,DL,22,2021,0,0,0,0,0,12,0,0,0,0,0,0,0,0,0,0,0,16,,0.5,Alabama,College Stats
2,39,CHI,Teven Jenkins,OL,23,,0,0,0,,,,,,,,,,,,,,,,,,Oklahoma St.,College Stats
2,40,ATL,Richie Grant,DB,23,2021,0,0,0,0,0,11,0,0,0,0,0,0,0,0,0,0,0,20,,,Central Florida,College Stats
2,41,DET,Levi Onwuzurike,DL,23,2021,0,0,0,0,0,10,0,0,0,0,0,0,0,0,0,0,0,10,,1,Washington,College Stats
2,42,MIA,Liam Eichenberg,OL,23,2021,0,0,1,0,0,12,0,0,0,0,0,0,0,0,0,0,0,,,,Notre Dame,College Stats
2,43,LVR,Trevon Moehrig,S,22,2021,0,0,1,0,0,11,0,0,0,0,0,0,0,0,0,0,0,24,1,,TCU,College Stats
2,44,DAL,Kelvin Joseph,DB,20,2021,0,0,0,0,0,5,0,0,0,0,0,0,0,0,0,0,0,,,,Kentucky,College Stats
2,45,JAX,Walker Little,T,22,2021,0,0,0,0,0,4,0,0,0,0,0,0,0,0,0,0,0,,,,Stanford,College Stats
2,46,CIN,Jackson Carman,T,21,2021,0,0,0,0,0,11,0,0,0,0,0,0,0,0,0,0,0,,,,Clemson,College Stats
2,47,LAC,Asante Samuel Jr.,DB,21,2021,0,0,0,0,0,9,0,0,0,0,0,0,0,0,0,0,0,24,2,,Florida St.,College Stats
2,48,SFO,Aaron Banks,OL,24,2021,0,0,0,0,0,3,0,0,0,0,0,0,0,0,0,0,0,,,,Notre Dame,College Stats
2,49,ARI,Rondale Moore,WR,21,2021,0,0,0,0,0,11,0,0,0,0,0,12,62,0,47,413,1,1,,,Purdue,College Stats
2,50,NYG,Azeez Ojulari,OLB,21,2021,0,0,0,0,0,11,0,0,0,0,0,0,0,0,0,0,0,19,,5.5,Georgia,College Stats
2,51,WAS,Samuel Cosmi,OL,22,2021,0,0,0,0,0,6,0,0,0,0,0,0,0,0,0,0,0,,,,Texas,College Stats
2,52,CLE,Jeremiah Owusu-Koramoah,LB,21,2021,0,0,0,0,0,9,0,0,0,0,0,0,0,0,0,0,0,33,,1,Notre Dame,College Stats
2,53,TEN,Dillon Radunz,T,23,2021,0,0,0,0,0,8,0,0,0,0,0,0,0,0,0,0,0,1,,,North Dakota St.,
2,54,IND,Dayo Odeyingbo,DL,21,2021,0,0,0,0,0,5,0,0,0,0,0,0,0,0,0,0,0,3,,0.5,Vanderbilt,College Stats
2,55,PIT,Pat Freiermuth,TE,22,2021,0,0,0,0,0,11,0,0,0,0,0,0,0,0,40,327,6,,,,Penn St.,College Stats
2,56,SEA,D'Wayne Eskridge,WR,24,2021,0,0,0,0,0,4,0,0,0,0,0,2,22,0,4,12,0,,,,Western Michigan,College Stats
2,57,LAR,Tutu Atwell,WR,21,2021,0,0,0,0,0,8,0,0,0,0,0,0,0,0,0,0,0,,,,Louisville,College Stats
2,58,KAN,Nick Bolton,LB,21,2021,0,0,0,0,0,11,0,0,0,0,0,0,0,0,0,0,0,50,,,Missouri,College Stats
2,59,CAR,Terrace Marshall Jr.,WR,21,2021,0,0,0,0,0,9,0,0,0,0,0,0,0,0,14,116,0,,,,LSU,College Stats
2,60,NOR,Pete Werner,LB,22,2021,0,0,0,0,0,11,0,0,0,0,0,0,0,0,0,0,0,27,,,Ohio St.,College Stats
2,61,BUF,Carlos Basham,DL,23,2021,0,0,0,0,0,4,0,0,0,0,0,0,0,0,0,0,0,5,,1.5,Wake Forest,College Stats
2,62,GNB,Josh Myers,C,23,2021,0,0,0,0,0,5,0,0,0,0,0,0,0,0,0,0,0,,,,Ohio St.,College Stats
2,63,KAN,Creed Humphrey,OL,22,2021,0,0,1,0,0,11,0,0,0,0,0,0,0,0,0,0,0,1,,,Oklahoma,College Stats
2,64,TAM,Kyle Trask,QB,23,,0,0,0,,,,,,,,,,,,,,,,,,Florida,College Stats
3,65,JAX,Andre Cisco,DB,21,2021,0,0,0,0,0,11,0,0,0,0,0,0,0,0,0,0,0,7,,,Syracuse,College Stats
3,66,MIN,Kellen Mond,QB,22,,0,0,0,,,,,,,,,,,,,,,,,,Texas A&M,College Stats
3,67,HOU,Davis Mills,QB,22,2021,0,0,0,0,0,7,140,209,1357,7,8,7,8,0,0,0,0,,,,Stanford,College Stats
3,68,ATL,Jalen Mayfield,OL,21,2021,0,0,1,0,0,11,0,0,0,0,0,0,0,0,0,0,0,,,,Michigan,College Stats
3,69,CIN,Joseph Ossai,LB,21,,0,0,0,,,,,,,,,,,,,,,,,,Texas,College Stats
3,70,CAR,Brady Christensen,OL,24,2021,0,0,0,0,0,12,0,0,0,0,0,0,0,0,0,0,0,1,,,BYU,College Stats
3,71,NYG,Aaron Robinson,DB,23,2021,0,0,0,0,0,4,0,0,0,0,0,0,0,0,0,0,0,4,,,Central Florida,College Stats
3,72,DET,Alim McNeill,DT,21,2021,0,0,0,0,0,11,0,0,0,0,0,0,0,0,0,0,0,9,,,North Carolina St.,College Stats
3,73,PHI,Milton Williams,DL,22,2021,0,0,0,0,0,12,0,0,0,0,0,0,0,0,0,0,0,9,,1,Louisiana Tech,College Stats
3,74,WAS,Benjamin St-Juste,DB,23,2021,0,0,0,0,0,9,0,0,0,0,0,0,0,0,0,0,0,20,,,Minnesota,College Stats
3,75,DAL,Osa Odighizuwa,DL,23,2021,0,0,1,0,0,12,0,0,0,0,0,0,0,0,0,0,0,16,,2,UCLA,College Stats
3,76,NOR,Paulson Adebo,CB,22,2021,0,0,1,0,0,12,0,0,0,0,0,0,0,0,0,0,0,37,2,,Stanford,College Stats
3,77,LAC,Josh Palmer,WR,22,2021,0,0,0,0,0,11,0,0,0,0,0,1,6,0,15,168,1,,,,Tennessee,College Stats
3,78,MIN,Chazz Surratt,LB,24,2021,0,0,0,0,0,5,0,0,0,0,0,0,0,0,0,0,0,,,,North Carolina,College Stats
3,79,LVR,Malcolm Koonce,DE,23,,0,0,0,,,,,,,,,,,,,,,,,,Buffalo,College Stats
3,80,LVR,Divine Deablo,DB,23,2021,0,0,0,0,0,11,0,0,0,0,0,0,0,0,0,0,0,2,,,Virginia Tech,College Stats
3,81,MIA,Hunter Long,TE,23,2021,0,0,0,0,0,4,0,0,0,0,0,0,0,0,0,0,0,,,,Boston Col.,College Stats
3,82,WAS,Dyami Brown,WR,21,2021,0,0,0,0,0,9,0,0,0,0,0,1,-4,0,8,81,0,,,,North Carolina,College Stats
3,83,CAR,Tommy Tremble,TE,21,2021,0,0,0,0,0,12,0,0,0,0,0,2,7,1,13,120,1,1,,,Notre Dame,College Stats
3,84,DAL,Chauncey Golston,DL,23,2021,0,0,0,0,0,10,0,0,0,0,0,0,0,0,0,0,0,12,,0.5,Iowa,College Stats
3,85,GNB,Amari Rodgers,WR,21,2021,0,0,0,0,0,12,0,0,0,0,0,1,11,0,3,40,0,2,,,Clemson,College Stats
3,86,MIN,Wyatt Davis,OL,22,2021,0,0,0,0,0,5,0,0,0,0,0,0,0,0,0,0,0,,,,Ohio St.,College Stats
3,87,PIT,Kendrick Green,OL,22,2021,0,0,1,0,0,11,0,0,0,0,0,0,0,0,0,0,0,,,,Illinois,College Stats
3,88,SFO,Trey Sermon,RB,22,2021,0,0,0,0,0,9,0,0,0,0,0,41,167,1,3,26,0,1,,,Ohio St.,College Stats
3,89,HOU,Nico Collins,WR,22,2021,0,0,0,0,0,8,0,0,0,0,0,0,0,0,18,228,0,1,,,Michigan,College Stats
3,90,MIN,Patrick Jones II,DL,22,2021,0,0,0,0,0,4,0,0,0,0,0,0,0,0,0,0,0,1,,,Pittsburgh,College Stats
3,91,CLE,Anthony Schwartz,WR,21,2021,0,0,0,0,0,10,0,0,0,0,0,3,12,0,8,117,0,1,,,Auburn,College Stats
3,92,TEN,Monty Rice,LB,22,2021,0,0,0,0,0,10,0,0,0,0,0,0,0,0,0,0,0,17,,,Georgia,College Stats
3,93,BUF,Spencer Brown,OL,23,2021,0,0,0,0,0,7,0,0,0,0,0,0,0,0,0,0,0,1,,,Northern Iowa,
3,94,BAL,Ben Cleveland,OL,23,2021,0,0,0,0,0,6,0,0,0,0,0,0,0,0,0,0,0,,,,Georgia,College Stats
3,95,TAM,Robert Hainsey,OL,23,2021,0,0,0,0,0,3,0,0,0,0,0,0,0,0,0,0,0,,,,Notre Dame,College Stats
3,96,NWE,Ronnie Perkins,DE,21,,0,0,0,,,,,,,,,,,,,,,,,,Oklahoma,College Stats
3,97,LAC,Tre' McKitty,TE,22,2021,0,0,0,0,0,5,0,0,0,0,0,0,0,0,1,7,0,,,,Georgia,College Stats
3,98,DEN,Quinn Meinerz,C,22,2021,0,0,0,0,0,9,0,0,0,0,0,0,0,0,0,0,0,,,,Wisconsinâ€“Whitewater,
3,99,DAL,Nahshon Wright,DB,22,2021,0,0,0,0,0,10,0,0,0,0,0,0,0,0,0,0,0,2,,,Oregon St.,College Stats
3,100,TEN,Elijah Molden,DB,22,2021,0,0,0,0,0,12,0,0,0,0,0,0,0,0,0,0,0,31,1,,Washington,College Stats
3,101,DET,Ifeatu Melifonwu,DB,22,2021,0,0,0,0,0,2,0,0,0,0,0,0,0,0,0,0,0,2,,,Syracuse,College Stats
3,102,SFO,Ambry Thomas,DB,21,2021,0,0,0,0,0,6,0,0,0,0,0,0,0,0,0,0,0,6,,,Michigan,College Stats
3,103,LAR,Ernest Jones,LB,21,2021,0,0,0,0,0,11,0,0,0,0,0,0,0,0,0,0,0,19,1,0.5,South Carolina,College Stats
3,104,BAL,Brandon Stephens,CB,23,2021,0,0,0,0,0,11,0,0,0,0,0,0,0,0,0,0,0,28,,,SMU,College Stats
3,105,DEN,Baron Browning,LB,22,2021,0,0,0,0,0,9,0,0,0,0,0,0,0,0,0,0,0,14,,,Ohio St.,College Stats
4,106,JAX,Jay Tufele,DL,22,2021,0,0,0,0,0,1,0,0,0,0,0,0,0,0,0,0,0,,,,USC,College Stats
4,107,NYJ,Michael Carter,RB,22,2021,0,0,0,0,0,10,0,0,0,0,0,111,430,4,32,308,0,,,,North Carolina,College Stats
4,108,ATL,Darren Hall,CB,21,2021,0,0,0,0,0,8,0,0,0,0,0,0,0,0,0,0,0,9,,1,San Diego St.,College Stats
4,109,TEN,Dez Fitzpatrick,WR,23,2021,0,0,0,0,0,3,0,0,0,0,0,0,0,0,5,49,1,1,,,Louisville,College Stats
4,110,CLE,James Hudson,OL,22,2021,0,0,0,0,0,8,0,0,0,0,0,0,0,0,0,0,0,,,,Cincinnati,College Stats
4,111,CIN,Cameron Sample,DE,21,2021,0,0,0,0,0,10,0,0,0,0,0,0,0,0,0,0,0,7,,1,Tulane,College Stats
4,112,DET,Amon-Ra St. Brown,WR,21,2021,0,0,0,0,0,11,0,0,0,0,0,0,0,0,39,352,0,1,,,USC,College Stats
4,113,DET,Derrick Barnes,DE,22,2021,0,0,0,0,0,11,0,0,0,0,0,0,0,0,0,0,0,26,,,Purdue,College Stats
4,114,ATL,Drew Dalman,C,22,2021,0,0,0,0,0,11,0,0,0,0,0,0,0,0,0,0,0,,,,Stanford,College Stats
4,115,DAL,Jabril Cox,LB,23,2021,0,0,0,0,0,7,0,0,0,0,0,0,0,0,0,0,0,2,,,LSU,College Stats
4,116,NYG,Elerson Smith,DL,23,2021,0,0,0,0,0,3,0,0,0,0,0,0,0,0,0,0,0,,,,Northern Iowa,
4,117,LAR,Bobby Brown,DL,21,2021,0,0,0,0,0,4,0,0,0,0,0,0,0,0,0,0,0,,,,Texas A&M,College Stats
4,118,LAC,Chris Rumph,DE,22,2021,0,0,0,0,0,11,0,0,0,0,0,0,0,0,0,0,0,4,,,Duke,College Stats
4,119,MIN,Kene Nwangwu,RB,23,2021,0,0,0,0,0,5,0,0,0,0,0,2,16,0,0,0,0,,,,Iowa St.,College Stats
4,120,NWE,Rhamondre Stevenson,RB,23,2021,0,0,0,0,0,8,0,0,0,0,0,76,351,3,12,117,0,,,,Oklahoma,College Stats
4,121,JAX,Jordan Smith,OLB,23,,0,0,0,,,,,,,,,,,,,,,,,,Ala-Birmingham,College Stats
4,122,CIN,Tyler Shelvin,DT,23,2021,0,0,0,0,0,1,0,0,0,0,0,0,0,0,0,0,0,,,,LSU,College Stats
4,123,PHI,Zech McPhearson,DB,23,2021,0,0,0,0,0,11,0,0,0,0,0,0,0,0,0,0,0,4,,,Texas Tech,College Stats
4,124,WAS,John Bates,TE,23,2021,0,0,0,0,0,11,0,0,0,0,0,0,0,0,9,74,0,1,,,Boise St.,College Stats
4,125,MIN,Camryn Bynum,CB,23,2021,0,0,0,0,0,10,0,0,0,0,0,0,0,0,0,0,0,18,1,1,California,College Stats
4,126,CAR,Chuba Hubbard,RB,22,2021,0,0,0,0,0,12,0,0,0,0,0,122,427,3,19,152,0,,,,Oklahoma St.,College Stats
4,127,IND,Kylen Granson,TE,23,2021,0,0,0,0,0,12,0,0,0,0,0,0,0,0,9,94,0,,,,SMU,College Stats
4,128,PIT,Dan Moore,OL,22,2021,0,0,1,0,0,11,0,0,0,0,0,0,0,0,0,0,0,,,,Texas A&M,College Stats
4,129,TAM,Jaelon Darden,WR,22,2021,0,0,0,0,0,6,0,0,0,0,0,1,11,0,6,43,0,,,,North Texas,College Stats
4,130,LAR,Robert Rochell,DB,23,2021,0,0,0,0,0,10,0,0,0,0,0,0,0,0,0,0,0,11,1,,Central Arkansas,
4,131,BAL,Tylan Wallace,WR,22,2021,0,0,0,0,0,11,0,0,0,0,0,0,0,0,0,0,0,2,,,Oklahoma St.,College Stats
4,132,CLE,Tommy Togiai,DT,21,2021,0,0,0,0,0,2,0,0,0,0,0,0,0,0,0,0,0,1,,,Ohio St.,College Stats
4,133,NOR,Ian Book,QB,23,,0,0,0,,,,,,,,,,,,,,,,,,Notre Dame,College Stats
4,134,MIN,Janarius Robinson,DE,22,,0,0,0,,,,,,,,,,,,,,,,,,Florida St.,College Stats
4,135,TEN,Rashad Weaver,DL,23,2021,0,0,0,0,0,2,0,0,0,0,0,0,0,0,0,0,0,,,,Pittsburgh,College Stats
4,136,ARI,Marco Wilson,CB,22,2021,0,0,0,0,0,10,0,0,0,0,0,0,0,0,0,0,0,32,,,Florida,College Stats
4,137,SEA,Tre Brown,CB,23,2021,0,0,0,0,0,5,0,0,0,0,0,0,0,0,0,0,0,9,,,Oklahoma,College Stats
4,138,DAL,Josh Ball,OL,23,,0,0,0,,,,,,,,,,,,,,,,,,Marshall,College Stats
4,139,CIN,D'Ante Smith,T,23,,0,0,0,,,,,,,,,,,,,,,,,,East Carolina,College Stats
4,140,PIT,Buddy Johnson,LB,22,2021,0,0,0,0,0,2,0,0,0,0,0,0,0,0,0,0,0,,,,Texas A&M,College Stats
4,141,LAR,Jacob Harris,WR,24,2021,0,0,0,0,0,9,0,0,0,0,0,0,0,0,0,0,0,,,,Central Florida,College Stats
4,142,GNB,Royce Newman,G,24,2021,0,0,1,0,0,12,0,0,0,0,0,0,0,0,0,0,0,,,,Mississippi,College Stats
4,143,LVR,Tyree Gillespie,S,23,2021,0,0,0,0,0,8,0,0,0,0,0,0,0,0,0,0,0,1,,,Missouri,College Stats
4,144,KAN,Joshua Kaindoh,DE,22,2021,0,0,0,0,0,3,0,0,0,0,0,0,0,0,0,0,0,,,,Florida St.,College Stats
5,145,JAX,Luke Farrell,TE,23,2021,0,0,0,0,0,10,0,0,0,0,0,0,0,0,6,49,0,,,,Ohio St.,College Stats
5,146,NYJ,Jamien Sherwood,DB,21,2021,0,0,0,0,0,5,0,0,0,0,0,0,0,0,0,0,0,8,,,Auburn,College Stats
5,147,HOU,Brevin Jordan,TE,21,2021,0,0,0,0,0,4,0,0,0,0,0,0,0,0,9,80,2,,,,Miami (FL),College Stats
5,148,ATL,Ta'Quon Graham,DL,22,2021,0,0,0,0,0,7,0,0,0,0,0,0,0,0,0,0,0,3,,,Texas,College Stats
5,149,CIN,Evan McPherson,K,22,2021,0,0,0,0,0,11,0,0,0,0,0,0,0,0,0,0,0,,,,Florida,College Stats
5,150,PHI,Kenneth Gainwell,RB,22,2021,0,0,0,0,0,11,0,0,0,0,0,43,155,3,23,205,1,,,,Memphis,College Stats
5,151,CHI,Larry Borom,OL,22,2021,0,0,0,0,0,5,0,0,0,0,0,0,0,0,0,0,0,,,,Missouri,College Stats
5,152,DEN,Caden Sterns,DB,21,2021,0,0,0,0,0,11,0,0,0,0,0,0,0,0,0,0,0,14,2,2,Texas,College Stats
5,153,CLE,Tony Fields,LB,22,2021,0,0,0,0,0,8,0,0,0,0,0,0,0,0,0,0,0,2,,,West Virginia,College Stats
5,154,NYJ,Michael Carter,S,22,2021,0,0,0,0,0,11,0,0,0,0,0,0,0,0,0,0,0,32,,,Duke,College Stats
5,155,SFO,Jaylon Moore,T,23,2021,0,0,0,0,0,6,0,0,0,0,0,0,0,0,0,0,0,,,,Western Michigan,College Stats
5,156,PIT,Isaiahh Loudermilk,DE,23,2021,0,0,0,0,0,9,0,0,0,0,0,0,0,0,0,0,0,6,,1,Wisconsin,College Stats
5,157,MIN,Ihmir Smith-Marsette,WR,22,2021,0,0,0,0,0,4,0,0,0,0,0,0,0,0,1,6,0,,,,Iowa,College Stats
5,158,CAR,Daviyon Nixon,DT,22,2021,0,0,0,0,0,7,0,0,0,0,0,0,0,0,0,0,0,1,,0.5,Iowa,College Stats
5,159,LAC,Brenden Jaimes,OL,22,2021,0,0,0,0,0,5,0,0,0,0,0,0,0,0,0,0,0,,,,Nebraska,College Stats
5,160,BAL,Shaun Wade,CB,22,2021,0,0,0,0,,2,0,0,0,0,0,0,0,0,0,0,0,,,,Ohio St.,College Stats
5,161,BUF,Tommy Doyle,OL,23,2021,0,0,0,0,0,6,0,0,0,0,0,0,0,0,0,0,0,,,,Miami (OH),College Stats
5,162,KAN,Noah Gray,TE,22,2021,0,0,0,0,0,10,0,0,0,0,0,0,0,0,4,18,1,,,,Duke,College Stats
5,163,WAS,Darrick Forrest,S,22,2021,0,0,0,0,0,3,0,0,0,0,0,0,0,0,0,0,0,1,,,Cincinnati,College Stats
5,164,DEN,Jamar Johnson,DB,21,,0,0,0,,,,,,,,,,,,,,,,,,Indiana,College Stats
5,165,IND,Shawn Davis,DB,22,,0,0,0,,,,,,,,,,,,,,,,,,Florida,College Stats
5,166,CAR,Keith Taylor,DB,22,2021,0,0,0,0,0,12,0,0,0,0,0,0,0,0,0,0,0,21,,,Washington,College Stats
5,167,LVR,Nate Hobbs,CB,22,2021,0,0,0,0,0,11,0,0,0,0,0,0,0,0,0,0,0,36,,1,Illinois,College Stats
5,168,MIN,Zach Davidson,TE,23,,0,0,0,,,,,,,,,,,,,,,,,,Central Missouri St.,
5,169,CLE,Richard LeCounte,DB,22,2021,0,0,0,0,0,6,0,0,0,0,0,0,0,0,0,0,0,,,,Georgia,College Stats
5,170,HOU,Garret Wallow,LB,22,2021,0,0,0,0,0,11,0,0,0,0,0,0,0,0,0,0,0,2,,,TCU,College Stats
5,171,BAL,Daelin Hayes,DL,23,2021,0,0,0,0,0,1,0,0,0,0,0,0,0,0,0,0,0,,,,Notre Dame,College Stats
5,172,SFO,Deommodore Lenoir,CB,21,2021,0,0,0,0,0,8,0,0,0,0,0,0,0,0,0,0,0,7,,,Oregon,College Stats
5,173,GNB,Tedarrell Slaton,DL,23,2021,0,0,0,0,0,12,0,0,0,0,0,0,0,0,0,0,0,8,,1,Florida,College Stats
5,174,LAR,Earnest Brown IV,DE,22,,0,0,0,,,,,,,,,,,,,,,,,,Northwestern,College Stats
5,175,NYJ,Jason Pinnock,CB,22,2021,0,0,0,0,0,6,0,0,0,0,0,0,0,0,0,0,0,3,,,Pittsburgh,College Stats
5,176,TAM,K.J. Britt,LB,22,2021,0,0,0,0,0,11,0,0,0,0,0,0,0,0,0,0,0,4,,,Auburn,College Stats
5,177,NWE,Cameron McGrone,LB,21,,0,0,0,,,,,,,,,,,,,,,,,,Michigan,College Stats
5,178,GNB,Shemar Jean-Charles,DB,23,2021,0,0,0,0,0,10,0,0,0,0,0,0,0,0,0,0,0,2,,,Appalachian St.,College Stats
5,179,DAL,Simi Fehoko,WR,23,2021,0,0,0,0,0,5,0,0,0,0,0,0,0,0,0,0,0,,,,Stanford,College Stats
5,180,SFO,Talanoa Hufanga,S,22,2021,0,0,0,0,0,11,0,0,0,0,0,0,0,0,0,0,0,16,,,USC,College Stats
5,181,KAN,Cornell Powell,WR,23,,0,0,0,,,,,,,,,,,,,,,,,,Clemson,College Stats
5,182,ATL,Adetokunbo Ogundeji,DL,22,2021,0,0,0,0,0,11,0,0,0,0,0,0,0,0,0,0,0,13,,1,Notre Dame,College Stats
5,183,ATL,Avery Williams,CB,23,2021,0,0,0,0,0,9,0,0,0,0,0,0,0,0,0,0,0,7,,,Boise St.,College Stats
5,184,BAL,Ben Mason,FB,22,,0,0,0,,,,,,,,,,,,,,,,,,Michigan,College Stats
6,185,LAC,Nick Niemann,LB,23,2021,0,0,0,0,0,11,0,0,0,0,0,0,0,0,0,0,0,11,,,Iowa,College Stats
6,186,NYJ,Hamsah Nasirildeen,DB,22,2021,0,0,0,0,0,8,0,0,0,0,0,0,0,0,0,0,0,2,,,Florida St.,College Stats
6,187,ATL,Frank Darby,WR,23,2021,0,0,0,0,0,5,0,0,0,0,0,0,0,0,1,14,0,,,,Arizona St.,College Stats
6,188,NWE,Joshuah Bledsoe,S,22,,0,0,0,,,,,,,,,,,,,,,,,,Missouri,College Stats
6,189,PHI,Marlon Tuipulotu,DL,22,2021,0,0,0,0,0,4,0,0,0,0,0,0,0,0,0,0,0,1,,,USC,College Stats
6,190,CIN,Trey Hill,OL,21,2021,0,0,0,0,0,9,0,0,0,0,0,0,0,0,0,0,0,,,,Georgia,College Stats
6,191,PHI,Tarron Jackson,DE,23,2021,0,0,0,0,0,12,0,0,0,0,0,0,0,0,0,0,0,5,,1,Coastal Carolina,College Stats
6,192,DAL,Quinton Bohanna,DT,22,2021,0,0,0,0,0,11,0,0,0,0,0,0,0,0,0,0,0,2,,,Kentucky,College Stats
6,193,CAR,Deonte Brown,OL,23,2021,0,0,0,0,0,1,0,0,0,0,0,0,0,0,0,0,0,,,,Alabama,College Stats
6,194,SFO,Elijah Mitchell,RB,23,2021,0,0,0,0,0,8,0,0,0,0,0,143,693,4,14,108,0,,,,Louisiana,College Stats
6,195,HOU,Roy Lopez,DL,24,2021,0,0,0,0,0,11,0,0,0,0,0,0,0,0,0,0,0,12,,1,Arizona,College Stats
6,196,NYG,Gary Brightwell,RB,22,2021,0,0,0,0,0,10,0,0,0,0,0,1,4,0,1,6,0,2,,,Arizona,College Stats
6,197,NWE,William Sherman,OL,22,2021,0,0,0,0,0,1,0,0,0,0,0,0,0,0,0,0,0,,,,Colorado,College Stats
6,198,LAC,Larry Rountree,RB,22,2021,0,0,0,0,0,9,0,0,0,0,0,36,87,1,1,-1,0,,,,Missouri,College Stats
6,199,MIN,Jaylen Twyman,DL,22,,0,0,0,,,,,,,,,,,,,,,,,,Pittsburgh,College Stats
6,200,NYJ,Brandin Echols,CB,23,2021,0,0,0,0,0,9,0,0,0,0,0,0,0,0,0,0,0,34,,,Kentucky,College Stats
6,201,NYG,Rodarius Williams,CB,24,2021,0,0,0,0,0,5,0,0,0,0,0,0,0,0,0,0,0,1,,,Oklahoma St.,College Stats
6,202,CIN,Chris Evans,RB,23,2021,0,0,0,0,0,10,0,0,0,0,0,9,41,0,11,127,1,4,,,Michigan,College Stats
6,203,BUF,Marquez Stevenson,WR,23,2021,0,0,0,0,0,1,0,0,0,0,0,0,0,0,0,0,0,,,,Houston,College Stats
6,204,CAR,Shi Smith,WR,22,2021,0,0,0,0,0,4,0,0,0,0,0,1,-3,0,3,18,0,,,,South Carolina,College Stats
6,205,TEN,Racey McMath,WR,22,2021,0,0,0,0,0,4,0,0,0,0,0,0,0,0,0,0,0,,,,LSU,College Stats
6,206,NOR,Landon Young,T,24,2021,0,0,0,0,0,10,0,0,0,0,0,0,0,0,0,0,0,,,,Kentucky,College Stats
6,207,NYJ,Jonathan Marshall,DL,23,2021,0,0,0,0,0,1,0,0,0,0,0,0,0,0,0,0,0,,,,Arkansas,College Stats
6,208,SEA,Stone Forsythe,OL,23,2021,0,0,0,0,0,4,0,0,0,0,0,0,0,0,0,0,0,,,,Florida,College Stats
6,209,JAX,Jalen Camp,WR,23,,0,0,0,,,,,,,,,,,,,,,,,,Georgia Tech,College Stats
6,210,ARI,Victor Dimukeje,DE,21,2021,0,0,0,0,0,8,0,0,0,0,0,0,0,0,0,0,0,,,,Duke,College Stats
6,211,CLE,Demetric Felton,RB,23,2021,0,0,0,0,0,11,0,0,0,0,0,6,18,0,13,147,1,2,,,UCLA,College Stats
6,212,BUF,Damar Hamlin,DB,23,2021,0,0,0,0,0,9,0,0,0,0,0,0,0,0,0,0,0,2,,,Pittsburgh,College Stats
6,213,BUF,Rachad Wildgoose Jr.,CB,21,,0,0,0,,,,,,,,,,,,,,,,,,Wisconsin,College Stats
6,214,GNB,Cole Van Lanen,OL,23,,0,0,0,,,,,,,,,,,,,,,,,,Wisconsin,College Stats
6,215,TEN,Brady Breeze,S,,2021,0,0,0,0,0,5,0,0,0,0,0,0,0,0,0,0,0,,,,Oregon,College Stats
6,216,PIT,Quincy Roche,DL,23,2021,0,0,0,0,,8,0,0,0,0,0,0,0,0,0,0,0,13,,1,Miami (FL),College Stats
6,217,CHI,Khalil Herbert,RB,23,2021,0,0,0,0,0,11,0,0,0,0,0,90,373,1,9,44,0,,,,Virginia Tech,College Stats
6,218,IND,Sam Ehlinger,QB,22,2021,0,0,0,0,0,2,0,0,0,0,0,2,10,0,0,0,0,,,,Texas,College Stats
6,219,DEN,Seth Williams,WR,21,,0,0,0,,,,,,,,,,,,,,,,,,Auburn,College Stats
6,220,GNB,Isaiah McDuffie,LB,22,2021,0,0,0,0,0,9,0,0,0,0,0,0,0,0,0,0,0,,,,Boston Col.,College Stats
6,221,CHI,Dazz Newsome,WR,22,,0,0,0,,,,,,,,,,,,,,,,,,North Carolina,College Stats
6,222,CAR,Thomas Fletcher,LS,22,,0,0,0,,,,,,,,,,,,,,,,,,Alabama,College Stats
6,223,ARI,Tay Gowan,DB,23,2021,0,0,0,0,,1,0,0,0,0,0,0,0,0,0,0,0,1,,,Central Florida,College Stats
6,224,PHI,JaCoby Stevens,S,23,,0,0,0,,,,,,,,,,,,,,,,,,LSU,College Stats
6,225,WAS,Camaron Cheeseman,LS,23,2021,0,0,0,0,0,11,0,0,0,0,0,0,0,0,0,0,0,,,,Michigan,College Stats
6,226,KAN,Trey Smith,OL,22,2021,0,0,1,0,0,11,0,0,0,0,0,0,0,0,0,0,0,,,,Tennessee,College Stats
6,227,DAL,Israel Mukuamu,DB,21,2021,0,0,0,0,0,3,0,0,0,0,0,0,0,0,0,0,0,,,,South Carolina,College Stats
6,228,CHI,Thomas Graham Jr.,CB,22,,0,0,0,,,,,,,,,,,,,,,,,,Oregon,College Stats
7,229,IND,Mike Strachan,WR,24,2021,0,0,0,0,0,6,0,0,0,0,0,0,0,0,2,26,0,,,,Charleston (WV),
7,230,LVR,Jimmy Morrissey,OL,23,2021,0,0,0,0,,3,0,0,0,0,0,0,0,0,0,0,0,,,,Pittsburgh,College Stats
7,231,MIA,Larnel Coleman,T,23,,0,0,0,,,,,,,,,,,,,,,,,,Massachusetts,College Stats
7,232,CAR,Phil Hoskins,DT,24,2021,0,0,0,0,0,1,0,0,0,0,0,0,0,0,0,0,0,2,,1,Kentucky,College Stats
7,233,LAR,Jake Funk,RB,23,2021,0,0,0,0,0,6,0,0,0,0,0,1,6,0,0,0,0,1,,,Maryland,College Stats
7,234,PHI,Patrick Johnson,DE,23,2021,0,0,0,0,0,12,0,0,0,0,0,0,0,0,0,0,0,8,,,Tulane,College Stats
7,235,CIN,Wyatt Hubert,DE,23,,0,0,0,,,,,,,,,,,,,,,,,,Kansas St.,College Stats
7,236,BUF,Jack Anderson,OL,22,,0,0,0,,,,,,,,,,,,,,,,,,Texas Tech,College Stats
7,237,DEN,Kary Vincent Jr.,CB,22,,0,0,0,,,,,,,,,,,,,,,,,,LSU,College Stats
7,238,DAL,Matt Farniok,G,23,2021,0,0,0,0,0,9,0,0,0,0,0,0,0,0,0,0,0,,,,Nebraska,College Stats
7,239,DEN,Jonathon Cooper,DE,23,2021,0,0,0,0,0,11,0,0,0,0,0,0,0,0,0,0,0,11,,2,Ohio St.,College Stats
7,240,WAS,William Bradley-King,OLB,23,,0,0,0,,,,,,,,,,,,,,,,,,Baylor,College Stats
7,241,LAC,Mark Webb,DB,22,2021,0,0,0,0,0,7,0,0,0,0,0,0,0,0,0,0,0,3,,,Georgia,College Stats
7,242,NWE,Tre Nixon,WR,23,,0,0,0,,,,,,,,,,,,,,,,,,Central Florida,College Stats
7,243,ARI,James Wiggins,S,24,2021,0,0,0,0,0,3,0,0,0,0,0,0,0,0,0,0,0,,,,Cincinnati,College Stats
7,244,MIA,Gerrid Doaks,RB,23,,0,0,0,,,,,,,,,,,,,,,,,,Cincinnati,College Stats
7,245,PIT,Tre Norwood,DB,22,2021,0,0,0,0,0,11,0,0,0,0,0,0,0,0,0,0,0,25,,,Oklahoma,College Stats
7,246,WAS,Shaka Toney,DE,23,2021,0,0,0,0,0,4,0,0,0,0,0,0,0,0,0,0,0,2,,1,Penn St.,College Stats
7,247,ARI,Michal Menet,OL,,,0,0,0,,,,,,,,,,,,,,,,,,Penn St.,College Stats
7,248,IND,Will Fries,OL,23,,0,0,0,,,,,,,,,,,,,,,,,,Penn St.,College Stats
7,249,LAR,Ben Skowronek,WR,24,2021,0,0,0,0,0,8,0,0,0,0,0,0,0,0,4,38,0,5,,,Notre Dame,College Stats
7,250,CHI,Khyiris Tonga,DL,25,2021,0,0,0,0,0,10,0,0,0,0,0,0,0,0,0,0,0,9,,,BYU,College Stats
7,251,TAM,Chris Wilcox,DB,23,,0,0,0,,,,,,,,,,,,,,,,,,BYU,College Stats
7,252,LAR,Chris Garrett,DE,23,2021,0,0,0,0,0,1,0,0,0,0,0,0,0,0,0,0,0,,,,Concordia-St.Paul (MN),
7,253,DEN,Marquiss Spencer,DE,24,,0,0,0,,,,,,,,,,,,,,,,,,Mississippi St.,College Stats
7,254,PIT,Pressley Harvin III,P,22,2021,0,0,0,0,0,11,0,0,0,0,0,0,0,0,0,0,0,1,,,Georgia Tech,College Stats
7,255,NOR,Kawaan Baker,WR,23,,0,0,0,,,,,,,,,,,,,,,,,,South Alabama,College Stats
7,256,GNB,Kylin Hill,RB,23,2021,0,0,0,0,0,8,0,0,0,0,0,10,24,0,1,5,0,1,,,Mississippi St.,College Stats
7,257,DET,Jermar Jefferson,RB,21,2021,0,0,0,0,0,4,0,0,0,0,0,5,47,2,4,23,0,,,,Oregon St.,College Stats
7,258,WAS,Dax Milne,WR,22,2021,0,0,0,0,0,9,0,0,0,0,0,0,0,0,7,71,0,,,,BYU,College Stats
7,259,TAM,Grant Stuard,LB,22,2021,0,0,0,0,0,11,0,0,0,0,0,0,0,0,0,0,0,4,,,Houston,College Stats
